notice_id,title,content_type,list_status,detail_status,asset_status,final_status,failure_reason,attempt_count,first_seen_at,last_attempt_at
358715,体制转外贸｜ “职”点迷津校友分享会（第21期）,unknown,ok,ok,none,processed,,1,2026-09-18T22:19:10+08:00,2026-09-18T22:19:15+08:00
358700,秋招活动总览| 秋季用人单位宣讲会及招聘会安排表,unknown,ok,ok,none,processed,,1,2026-09-18T22:19:10+08:00,2026-09-18T22:19:15+08:00
358652,9.17 | “百万英才汇南粤”2026年N城联动秋季招聘活动（中央民族大学专场）,poster,ok,ok,ok,processed,,1,2026-09-18T22:19:10+08:00,2026-09-18T22:19:15+08:00
358651,9.15 | 智汇草原·才聚呼伦贝尔｜呼伦贝尔市2026秋季招聘会民大专场,unknown,ok,ok,none,processed,,1,2026-09-18T22:19:10+08:00,2026-09-18T22:19:15+08:00
358402,关于2026届毕业生申报就业奖励的通知,text,ok,ok,none,processed,,1,2026-09-18T22:19:10+08:00,2026-09-18T22:19:15+08:00
358366, 活动总览| 2026年秋季学期职业指导活动明细,unknown,ok,ok,none,processed,,1,2026-09-18T22:19:10+08:00,2026-09-18T22:19:15+08:00
357480,活动预告| 6月27日 互联网大厂求职破局沙龙,poster,ok,ok,ok,processed,,1,2026-09-18T22:19:10+08:00,2026-09-18T22:19:15+08:00
356378,“职”点迷津，筑梦起航（海马职加特别期）,text,ok,ok,none,processed,,1,2026-09-18T22:19:10+08:00,2026-09-18T22:19:15+08:00
355418,“职”点迷津，筑梦起航（第十八期）李香兰学姐的职场进阶之路,unknown,ok,ok,none,processed,,1,2026-09-18T22:19:10+08:00,2026-09-18T22:19:15+08:00
354967,活动总览| 2026年春季学期职业指导活动,unknown,ok,ok,none,processed,,1,2026-09-18T22:19:10+08:00,2026-09-18T22:19:15+08:00
354947,活动预告| 3月13日 教育行业面试工作坊,poster,ok,ok,ok,processed,,1,2026-09-18T22:19:10+08:00,2026-09-18T22:19:15+08:00
354093,12.24校园招聘会 | “京彩就业”中央民族大学2026届毕业生冬季综合专场招聘会,text,ok,ok,none,processed,,1,2026-09-18T22:19:10+08:00,2026-09-18T22:19:15+08:00
353908,关于公布云南省2026年面向选定高校招录优秀毕业生笔试成绩等有关事项的通知,text,ok,ok,none,processed,,1,2026-09-18T22:19:10+08:00,2026-09-18T22:19:15+08:00
353888,讲座预告| 12月11日 公务员考试面试讲座,poster,ok,ok,ok,processed,,1,2026-09-18T22:19:10+08:00,2026-09-18T22:19:15+08:00
353524,讲座预告| 10月27日 公务员考试讲座《考点精讲公共课》,poster,ok,ok,ok,processed,,1,2026-09-18T22:19:10+08:00,2026-09-18T22:19:15+08:00
353116,职属新传 | 中央民族大学新闻与传播学院2025年度校园招聘双选会,unknown,ok,ok,none,processed,,1,2026-09-18T22:19:10+08:00,2026-09-18T22:19:15+08:00
352740,讲座预告| 10月22日 信息工程学院求职讲座《新质发展·职等你来》,poster,ok,ok,ok,processed,,1,2026-09-18T22:19:10+08:00,2026-09-18T22:19:15+08:00
352557,活动预告| 10月12日 北京选调笔试模拟考试,poster,ok,ok,ok,processed,,1,2026-09-18T22:19:10+08:00,2026-09-18T22:19:15+08:00
352508,2026年度浙江省党政机关选调应届优秀大学毕业生公告,text,ok,ok,none,processed,,1,2026-09-18T22:19:10+08:00,2026-09-18T22:19:15+08:00
352446,活动预告| 10月9日 公务员考试面试指导和模拟活动,poster,ok,ok,ok,processed,,1,2026-09-18T22:19:10+08:00,2026-09-18T22:19:15+08:00
352209,活动预告| 9月22日 一对一简历指导 覆盖各类就业方向,poster,ok,ok,ok,processed,,1,2026-09-18T22:19:11+08:00,2026-09-18T22:19:16+08:00
352183,讲座预告| 9月23日 考公系列讲座3——《解密选调生，从报考到发展》,poster,ok,ok,ok,processed,,1,2026-09-18T22:19:11+08:00,2026-09-18T22:19:16+08:00
352152,活动预告丨9月19日 北京定向选调选岗答疑活动,poster,ok,ok,ok,processed,,1,2026-09-18T22:19:11+08:00,2026-09-18T22:19:16+08:00
352125,活动预告丨9月21日 国考行测模拟考，两校区同时进行,unknown,ok,ok,none,processed,,1,2026-09-18T22:19:11+08:00,2026-09-18T22:19:16+08:00
352106,活动总览 | 招聘服务月（九月）职业指导活动列表,unknown,ok,ok,none,processed,,1,2026-09-18T22:19:11+08:00,2026-09-18T22:19:16+08:00
352101,活动预告丨9月19日 一对一简历指导，打造“吸睛”简历！,unknown,ok,ok,none,processed,,1,2026-09-18T22:19:11+08:00,2026-09-18T22:19:16+08:00
352044,讲座预告| 9月18日 考公系列讲座2——《解密选调生，从报考到发展》,mixed,ok,ok,ok,processed,,1,2026-09-18T22:19:11+08:00,2026-09-18T22:19:16+08:00
352043,讲座预告| 9月16日 考公系列讲座——《如何考取和选择适合自己的体制单位》,mixed,ok,ok,ok,processed,,1,2026-09-18T22:19:11+08:00,2026-09-18T22:19:16+08:00
350844,关于2025年下半年国家教师资格笔试培训课程的通知,poster,ok,ok,ok,processed,,1,2026-09-18T22:19:11+08:00,2026-09-18T22:19:16+08:00
349940,5月20日-5月23日||一对一职业规划咨询,poster,ok,ok,ok,processed,,1,2026-09-18T22:19:11+08:00,2026-09-18T22:19:16+08:00
349777,5.16 | 国际胜任力人才培养民大面对面,unknown,ok,ok,none,processed,,1,2026-09-18T22:19:11+08:00,2026-09-18T22:19:16+08:00
349753,预告 | “职属新传”职业分享沙龙2025年春季第2期：从规划到录取，国外硕博申请要点与指南,unknown,ok,ok,none,processed,,1,2026-09-18T22:19:11+08:00,2026-09-18T22:19:16+08:00
349709,招生就业工作处办公地点迁移通知,unknown,ok,ok,none,processed,,1,2026-09-18T22:19:11+08:00,2026-09-18T22:19:16+08:00
349708,5.15-17 | 中央民族大学 “生涯嘉年华”活动,unknown,ok,ok,none,processed,,1,2026-09-18T22:19:11+08:00,2026-09-18T22:19:16+08:00
349447,青年就业创业指导服务中心宣讲会,poster,ok,ok,ok,processed,,1,2026-09-18T22:19:11+08:00,2026-09-18T22:19:16+08:00
349381,4月24日|| 《军队文职人员招录政策》讲座,poster,ok,ok,ok,processed,,1,2026-09-18T22:19:11+08:00,2026-09-18T22:19:16+08:00
349276,4月17日|| 《求职就业中的法律风险防范与权益保障》讲座,poster,ok,ok,ok,processed,,1,2026-09-18T22:19:11+08:00,2026-09-18T22:19:16+08:00
349250,4.17 | 楚雄州2025年专场引才推介会 ,unknown,ok,ok,none,processed,,1,2026-09-18T22:19:11+08:00,2026-09-18T22:19:16+08:00
349202,4.15校内双选 | 职引未来—2025年全国城市联合招聘高校毕业生春季北京专场招聘会,unknown,ok,ok,none,processed,,1,2026-09-18T22:19:11+08:00,2026-09-18T22:19:16+08:00
349117,4.11校内双选会 | 文科类专场（文学、历史、哲学类）,unknown,ok,ok,none,processed,,1,2026-09-18T22:19:11+08:00,2026-09-18T22:19:16+08:00
348879,海南省2025年度选调应届优秀大学毕业生报考须知（第二批）,mixed,ok,ok,ok,processed,,1,2026-09-18T22:19:12+08:00,2026-09-18T22:19:16+08:00
348815,3.28 || 校内双选会（综合场次）,unknown,ok,ok,none,processed,,1,2026-09-18T22:19:12+08:00,2026-09-18T22:19:16+08:00
348680,3.21 || 教育行业校内专场双选会,unknown,ok,ok,none,processed,,1,2026-09-18T22:19:12+08:00,2026-09-18T22:19:16+08:00
348525,关于举办共青团中央所属单位中央民族大学专场招聘会的通知,unknown,ok,ok,none,processed,,1,2026-09-18T22:19:12+08:00,2026-09-18T22:19:16+08:00
348254,关于教育学院招聘勤工助学岗位的通知,text,ok,ok,none,processed,,1,2026-09-18T22:19:12+08:00,2026-09-18T22:19:16+08:00
247919,1月13日||闪耀基层——河北定向选调经验分享,poster,ok,ok,ok,processed,,1,2026-09-18T22:19:12+08:00,2026-09-18T22:19:16+08:00
247801,1月6日-2月27日||一对一创新创业咨询,poster,ok,ok,ok,processed,,1,2026-09-18T22:19:12+08:00,2026-09-18T22:19:16+08:00
247800,1月2日-2月27日||一对一简历咨询,poster,ok,ok,ok,processed,,1,2026-09-18T22:19:12+08:00,2026-09-18T22:19:16+08:00
247798,1月1日-2月27日||一对一职业规划咨询,poster,ok,ok,ok,processed,,1,2026-09-18T22:19:12+08:00,2026-09-18T22:19:16+08:00
247746,"1月2日||""闪耀基层""——山西定向选调经验分享",poster,ok,ok,ok,processed,,1,2026-09-18T22:19:12+08:00,2026-09-18T22:19:16+08:00
247586,"12月23日||""闪耀基层""——新疆维吾尔自治区定向选调经验分享",poster,ok,ok,ok,processed,,1,2026-09-18T22:19:12+08:00,2026-09-18T22:19:16+08:00
247525,12月24日—1月10日||MUC“共美”沙龙——一对一职业规划咨询,poster,ok,ok,ok,processed,,1,2026-09-18T22:19:12+08:00,2026-09-18T22:19:16+08:00
247524,12月24日—12月31日||MUC“共美”沙龙——一对一创新创业咨询,poster,ok,ok,ok,processed,,1,2026-09-18T22:19:12+08:00,2026-09-18T22:19:16+08:00
247522,12月22日—1月1日||MUC“共美”沙龙——一对一简历咨询活动,poster,ok,ok,ok,processed,,1,2026-09-18T22:19:12+08:00,2026-09-18T22:19:16+08:00
247509,12月26日||闪耀基层——辽宁选调校友经验分享活动,poster,ok,ok,ok,processed,,1,2026-09-18T22:19:12+08:00,2026-09-18T22:19:16+08:00
247339,12月12日||“闪耀基层”——广东定向选调经验分享,poster,ok,ok,ok,processed,,1,2026-09-18T22:19:12+08:00,2026-09-18T22:19:16+08:00
247318,12月10日-12月15日||26考研寒假特训营,poster,ok,ok,ok,processed,,1,2026-09-18T22:19:12+08:00,2026-09-18T22:19:16+08:00
247288,12月11日||MUC“共美”沙龙——25国家公务员考试模拟面试测评,poster,ok,ok,ok,processed,,1,2026-09-18T22:19:12+08:00,2026-09-18T22:19:16+08:00
247070,12月2日——12月12日||一对一简历咨询,poster,ok,ok,ok,processed,,1,2026-09-18T22:19:12+08:00,2026-09-18T22:19:16+08:00
247069,12月2日-12月11日||一对一创新创业咨询,poster,ok,ok,ok,processed,,1,2026-09-18T22:19:12+08:00,2026-09-18T22:19:16+08:00
247068,12月2日-12月13日||一对一职业规划咨询,poster,ok,ok,ok,processed,,1,2026-09-18T22:19:13+08:00,2026-09-18T22:19:16+08:00
247062,11月29日||咨询开放日活动——留学点津阁,poster,ok,ok,ok,processed,,1,2026-09-18T22:19:13+08:00,2026-09-18T22:19:16+08:00
247051,11.29校园招聘会 | 外语人才&法律人才专场,unknown,ok,ok,none,processed,,1,2026-09-18T22:19:13+08:00,2026-09-18T22:19:16+08:00
247035,12月4日||MUC“共美”沙龙——福建选调经验分享,poster,ok,ok,ok,processed,,1,2026-09-18T22:19:13+08:00,2026-09-18T22:19:16+08:00
246951,11月27日|| MUC“共美”沙龙——湖南选调经验分享,poster,ok,ok,ok,processed,,1,2026-09-18T22:19:13+08:00,2026-09-18T22:19:16+08:00
246906,11.22 | 中央民族大学新闻与传播学院2024年度“职属新传”校园招聘双选会,unknown,ok,ok,none,processed,,1,2026-09-18T22:19:13+08:00,2026-09-18T22:19:16+08:00
246901,公考模拟,poster,ok,ok,ok,processed,,1,2026-09-18T22:19:13+08:00,2026-09-18T22:19:16+08:00
246815,"11月23日||""共美""沙龙——2024年下与年教师资格面试模拟测试及点评",poster,ok,ok,ok,processed,,1,2026-09-18T22:19:13+08:00,2026-09-18T22:19:16+08:00
246757,11月26日||MUC“共美”沙龙—宁夏选调经验分享,poster,ok,ok,ok,processed,,1,2026-09-18T22:19:13+08:00,2026-09-18T22:19:16+08:00
246752,11月18日-11月28日||MUC“共美”沙龙—一对一职业规划咨询,poster,ok,ok,ok,processed,,1,2026-09-18T22:19:13+08:00,2026-09-18T22:19:16+08:00
246751,11月20日-11月28日||MUC“共美”沙龙—一对一创新创业咨询,poster,ok,ok,ok,processed,,1,2026-09-18T22:19:13+08:00,2026-09-18T22:19:16+08:00
246750,11月20日-11月28日||MUC“共美”沙龙—一对一简历咨询,poster,ok,ok,ok,processed,,1,2026-09-18T22:19:13+08:00,2026-09-18T22:19:16+08:00
246709,11月19日||MUC“共美”沙龙——河南选调经验分享,poster,ok,ok,ok,processed,,1,2026-09-18T22:19:13+08:00,2026-09-18T22:19:16+08:00
246683,11月12日、11月14日||MUC“共美”沙龙——2024年下教师资格面试培训课程,poster,ok,ok,ok,processed,,1,2026-09-18T22:19:13+08:00,2026-09-18T22:19:16+08:00
246674,11月18日||MUC“共美”沙龙——天津定向选调经验分享,poster,ok,ok,ok,processed,,1,2026-09-18T22:19:13+08:00,2026-09-18T22:19:16+08:00
246673,11月15日||MUC“共美”沙龙——考研咨询服务,poster,ok,ok,ok,processed,,1,2026-09-18T22:19:13+08:00,2026-09-18T22:19:16+08:00
246671,供需洽谈会｜中央民族大学舞蹈学院 2025届毕业生供需见面洽谈会邀请函,unknown,ok,ok,none,processed,,1,2026-09-18T22:19:13+08:00,2026-09-18T22:19:16+08:00
246645,讲座预告｜国京考考前冲刺如何准备,poster,ok,ok,ok,processed,,1,2026-09-18T22:19:13+08:00,2026-09-18T22:19:16+08:00
246592,11月16日||MUC“共美”沙龙——广西定向选调经验分享,poster,ok,ok,ok,processed,,1,2026-09-18T22:19:13+08:00,2026-09-18T22:19:16+08:00
246590,11月8日||MUC“共美”沙龙——云南定向选调经验分享,poster,ok,ok,ok,processed,,1,2026-09-18T22:19:13+08:00,2026-09-18T22:19:16+08:00
246573,11月8日||MUC“共美”沙龙——留学启梦坊,poster,ok,ok,ok,processed,,1,2026-09-18T22:19:14+08:00,2026-09-18T22:19:16+08:00
246572,11月7日||MUC“共美”沙龙——2024年下教师资格面试公告解读及报告指导公开课,poster,ok,ok,ok,processed,,1,2026-09-18T22:19:14+08:00,2026-09-18T22:19:16+08:00
246568,讲座预告｜国考行测新变化“政治理论”及国考备考要点,poster,ok,ok,ok,processed,,1,2026-09-18T22:19:14+08:00,2026-09-18T22:19:16+08:00
246556,11月14日||MUC“共美”沙龙——北京公务员选岗和备考专项讲座,poster,ok,ok,ok,processed,,1,2026-09-18T22:19:14+08:00,2026-09-18T22:19:16+08:00
246536,11月7日||MUC“共美”沙龙—北京定向选调一对一模拟面试测评,poster,ok,ok,ok,processed,,1,2026-09-18T22:19:14+08:00,2026-09-18T22:19:16+08:00
246480,11月1日-11月15日||“共美”沙龙——一对一职业规划咨询,poster,ok,ok,ok,processed,,1,2026-09-18T22:19:14+08:00,2026-09-18T22:19:16+08:00
246479,11月4日-11月13日||“共美”沙龙——一对一创新创业咨询,poster,ok,ok,ok,processed,,1,2026-09-18T22:19:14+08:00,2026-09-18T22:19:16+08:00
246478,11月1日-11月15日||“共美”沙龙——一对一简历咨询,poster,ok,ok,ok,processed,,1,2026-09-18T22:19:14+08:00,2026-09-18T22:19:16+08:00
246466,11月4日||MUC“共美”沙龙—面试书籍赠送活动,poster,ok,ok,ok,processed,,1,2026-09-18T22:19:14+08:00,2026-09-18T22:19:16+08:00
246444,10月31日||MUC“共美”沙龙—校友就业经验分享,poster,ok,ok,ok,processed,,1,2026-09-18T22:19:14+08:00,2026-09-18T22:19:16+08:00
246423,10月31日||MUC“共美”沙龙—考研数学课程,poster,ok,ok,ok,processed,,1,2026-09-18T22:19:14+08:00,2026-09-18T22:19:16+08:00
246387,10.31 || 海淀区教委所属单位人才供需洽谈会&“京彩就业”教育行业专场双选会,unknown,ok,ok,none,processed,,1,2026-09-18T22:19:14+08:00,2026-09-18T22:19:16+08:00
246347,10月30日||“共美”沙龙——简历焕新坊,poster,ok,ok,ok,processed,,1,2026-09-18T22:19:14+08:00,2026-09-18T22:19:16+08:00
246323,10月28日||MUC“共美”沙龙—青海定向选调经验分享,poster,ok,ok,ok,processed,,1,2026-09-18T22:19:14+08:00,2026-09-18T22:19:17+08:00
246293,10月24日||MUC“共美”沙龙——考研英语课程,poster,ok,ok,ok,processed,,1,2026-09-18T22:19:14+08:00,2026-09-18T22:19:17+08:00
246263,10.23 || 中央民族大学2025届毕业生校园双选会,unknown,ok,ok,none,processed,,1,2026-09-18T22:19:14+08:00,2026-09-18T22:19:17+08:00
246244,10月22日||MUC“共美”沙龙——考研数学课程,poster,ok,ok,ok,processed,,1,2026-09-18T22:19:14+08:00,2026-09-18T22:19:17+08:00
246193,10月31日||MUC“共美”沙龙——山东定向选调经验分享,poster,ok,ok,ok,processed,,1,2026-09-18T22:19:14+08:00,2026-09-18T22:19:17+08:00
246183,10月21日-11月1日||MUC“共美”沙龙——一对一简历咨询,poster,ok,ok,ok,processed,,1,2026-09-18T22:19:14+08:00,2026-09-18T22:19:17+08:00
246182,10月21日-11月1日||MUC“共美”沙龙——一对一职业规划咨询,poster,ok,ok,ok,processed,,1,2026-09-18T22:19:14+08:00,2026-09-18T22:19:17+08:00
